"","ID","Description","GeneRatio","BgRatio","pvalue","p.adjust","qvalue","geneID","Count"
"GO:0003777","GO:0003777","microtubule motor activity","9/455","86/18066",0.000311405077286932,0.000311405077286932,0.104178088750568,"KIF26B/KIFC2/KIF20A/CENPE/KIF3A/KIF2A/SMC3/KIF11/KIF5B",9
"GO:0090079","GO:0090079","translation regulator activity, nucleic acid binding","5/455","27/18066",0.000506063456691048,0.000506063456691048,0.104178088750568,"PAIP2/CTIF/PURA/DHFR/MIF4GD",5
"GO:0008017","GO:0008017","microtubule binding","16/455","247/18066",0.000552527104936087,0.000552527104936087,0.104178088750568,"KIF26B/CCDC88B/NDRG1/KIFC2/FCHO2/MX1/MAP7D3/KIF20A/MDM1/CENPE/KIF3A/KIF2A/APC/CEP57L1/KIF11/KIF5B",16
"GO:0003774","GO:0003774","motor activity","11/455","136/18066",0.000662499769478969,0.000662499769478969,0.104178088750568,"KIF26B/MYO1F/MYO5C/KIFC2/KIF20A/CENPE/KIF3A/KIF2A/SMC3/KIF11/KIF5B",11
